Distrito,Lista/Pacto,Partido,Candidatos,Votos,Porcentaje,Electos,Electos_comp,url_x,url_y,url
1,Chile Vamos,UDI,"('Nino', 'Baltolu', 'Rasera')",9272.0,13.02,*,*,https://www.bcn.cl/historiapolitica/resenas_parlamentarias/wiki/Nino_Baltolu_Rasera,https://www.bcn.cl/historiapolitica/resenas_parlamentarias/wiki/Nino_Baltolu_Rasera,https://www.bcn.cl/historiapolitica/resenas_parlamentarias/wiki/Nino_Baltolu_Rasera
1,Frente Amplio,PL,"('Vlado', 'Mirosevic', 'Verdugo')",24273.0,34.09,*,*,https://www.bcn.cl/historiapolitica/resenas_parlamentarias/wiki/Vlado_Mirosevic_Verdugo,https://www.bcn.cl/historiapolitica/resenas_parlamentarias/wiki/Vlado_Mirosevic_Verdugo,https://www.bcn.cl/historiapolitica/resenas_parlamentarias/wiki/Vlado_Mirosevic_Verdugo
1,La Fuerza de la Mayoría,PS,"('Luis', 'Rocafull', 'Lopez')",6430.0,9.03,*,*,https://www.bcn.cl/historiapolitica/resenas_parlamentarias/wiki/Luis_Alberto_Rocafull_López,https://www.bcn.cl/historiapolitica/resenas_parlamentarias/wiki/Luis_Alberto_Rocafull_López,https://www.bcn.cl/historiapolitica/resenas_parlamentarias/wiki/Luis_Alberto_Rocafull_López
2,Chile Vamos,UDI,"('Renzo', 'Trisotti', 'Martinez')",20084.0,22.22,*,*,https://www.bcn.cl/historiapolitica/resenas_parlamentarias/wiki/Renzo_Aldo_Trisotti_Martínez,https://www.bcn.cl/historiapolitica/resenas_parlamentarias/wiki/Renzo_Aldo_Trisotti_Martínez,https://www.bcn.cl/historiapolitica/resenas_parlamentarias/wiki/Renzo_Aldo_Trisotti_Martínez
2,Chile Vamos,RN,"('Ramon', 'Galleguillos', 'Castillo')",17279.0,19.11,*,*,https://www.bcn.cl/historiapolitica/resenas_parlamentarias/wiki/Ramón_Ernesto_Galleguillos_Castillo,https://www.bcn.cl/historiapolitica/resenas_parlamentarias/wiki/Ramón_Ernesto_Galleguillos_Castillo,https://www.bcn.cl/historiapolitica/resenas_parlamentarias/wiki/Ramón_Ernesto_Galleguillos_Castillo
2,La Fuerza de la Mayoría,PC,"('Hugo', 'Gutierrez', 'Galvez')",14332.0,15.85,*,*,https://www.bcn.cl/historiapolitica/resenas_parlamentarias/wiki/Hugo_Humberto_Gutiérrez_Gálvez,https://www.bcn.cl/historiapolitica/resenas_parlamentarias/wiki/Hugo_Humberto_Gutiérrez_Gálvez,https://www.bcn.cl/historiapolitica/resenas_parlamentarias/wiki/Hugo_Humberto_Gutiérrez_Gálvez
2,La Fuerza de la Mayoría,PC,"('Rubén', 'Moraga', 'Mamani')",0.0,0.0,,*,,,https://www.bcn.cl/historiapolitica/resenas_parlamentarias/wiki/Rubén_Joaquín_Moraga_Mamani
3,Chile Vamos,RN,"('Jose', 'Miguel', 'Castro', 'Bascuñan')",5183.0,3.19,*,*,https://www.bcn.cl/historiapolitica/resenas_parlamentarias/wiki/José_Miguel_Castro_Bascuñán,https://www.bcn.cl/historiapolitica/resenas_parlamentarias/wiki/José_Miguel_Castro_Bascuñán,https://www.bcn.cl/historiapolitica/resenas_parlamentarias/wiki/José_Miguel_Castro_Bascuñán
3,Chile Vamos,RN,"('Paulina', 'Nuñez', 'Urrutia')",37768.0,23.26,*,*,https://www.bcn.cl/historiapolitica/resenas_parlamentarias/wiki/Paulina_Andrea_Núñez_Urrutia,https://www.bcn.cl/historiapolitica/resenas_parlamentarias/wiki/Paulina_Andrea_Núñez_Urrutia,https://www.bcn.cl/historiapolitica/resenas_parlamentarias/wiki/Paulina_Andrea_Núñez_Urrutia
3,Coalición Regionalista Verde,FREVS,"('Esteban', 'Jorge', 'Velasquez', 'Nuñez')",10067.0,6.2,*,*,https://www.bcn.cl/historiapolitica/resenas_parlamentarias/wiki/Esteban_Jorge_Velásquez_Núñez,https://www.bcn.cl/historiapolitica/resenas_parlamentarias/wiki/Esteban_Jorge_Velásquez_Núñez,https://www.bcn.cl/historiapolitica/resenas_parlamentarias/wiki/Esteban_Jorge_Velásquez_Núñez
3,Frente Amplio,RD,"('Catalina', 'Perez', 'Salinas')",6106.0,3.76,*,*,https://www.bcn.cl/historiapolitica/resenas_parlamentarias/wiki/Catalina_Ilona_Io_Pérez_Salinas,https://www.bcn.cl/historiapolitica/resenas_parlamentarias/wiki/Catalina_Ilona_Io_Pérez_Salinas,https://www.bcn.cl/historiapolitica/resenas_parlamentarias/wiki/Catalina_Ilona_Io_Pérez_Salinas
3,La Fuerza de la Mayoría,PRSD,"('Marcela', 'Ximena', 'Hernando', 'Perez')",14817.0,9.13,*,*,https://www.bcn.cl/historiapolitica/resenas_parlamentarias/wiki/Marcela_Ximena_Hernando_Pérez,https://www.bcn.cl/historiapolitica/resenas_parlamentarias/wiki/Marcela_Ximena_Hernando_Pérez,https://www.bcn.cl/historiapolitica/resenas_parlamentarias/wiki/Marcela_Ximena_Hernando_Pérez
4,Chile Vamos,RN,"('Sofia', 'Cid', 'Versalovic')",13325.0,14.21,*,*,https://www.bcn.cl/historiapolitica/resenas_parlamentarias/wiki/Sofía_Slovena_Cid_Versalovic,https://www.bcn.cl/historiapolitica/resenas_parlamentarias/wiki/Sofía_Slovena_Cid_Versalovic,https://www.bcn.cl/historiapolitica/resenas_parlamentarias/wiki/Sofía_Slovena_Cid_Versalovic
4,Chile Vamos,UDI,"('Nicolas', 'Noman', 'Garrido')",5974.0,6.37,*,*,https://www.bcn.cl/historiapolitica/resenas_parlamentarias/wiki/Nicolás_José_Noman_Garrido,https://www.bcn.cl/historiapolitica/resenas_parlamentarias/wiki/Nicolás_José_Noman_Garrido,https://www.bcn.cl/historiapolitica/resenas_parlamentarias/wiki/Nicolás_José_Noman_Garrido
4,Coalición Regionalista Verde,FREVS,"('Jaime', 'Mulet', 'Martinez')",9393.0,10.02,*,*,https://www.bcn.cl/historiapolitica/resenas_parlamentarias/wiki/Jaime_Mulet_Martínez,https://www.bcn.cl/historiapolitica/resenas_parlamentarias/wiki/Jaime_Mulet_Martínez,https://www.bcn.cl/historiapolitica/resenas_parlamentarias/wiki/Jaime_Mulet_Martínez
4,La Fuerza de la Mayoría,PS,"('Daniella', 'Cicardini', 'Milla')",16488.0,17.58,*,*,https://www.bcn.cl/historiapolitica/resenas_parlamentarias/wiki/Daniella_Valentina_Cicardini_Milla,https://www.bcn.cl/historiapolitica/resenas_parlamentarias/wiki/Daniella_Valentina_Cicardini_Milla,https://www.bcn.cl/historiapolitica/resenas_parlamentarias/wiki/Daniella_Valentina_Cicardini_Milla
4,La Fuerza de la Mayoría,PS,"('Juan', 'Ruben', 'Santana', 'Castillo')",6245.0,6.66,*,*,https://www.bcn.cl/historiapolitica/resenas_parlamentarias/wiki/Juan_Rubén_Santana_Castillo,https://www.bcn.cl/historiapolitica/resenas_parlamentarias/wiki/Juan_Rubén_Santana_Castillo,https://www.bcn.cl/historiapolitica/resenas_parlamentarias/wiki/Juan_Rubén_Santana_Castillo
5,Chile Vamos,UDI,"('Juan', 'Manuel', 'Fuenzalida', 'Cobo')",4331.0,1.87,*,*,https://www.bcn.cl/historiapolitica/resenas_parlamentarias/wiki/Juan_Manuel_Fuenzalida_Cobo,https://www.bcn.cl/historiapolitica/resenas_parlamentarias/wiki/Juan_Manuel_Fuenzalida_Cobo,https://www.bcn.cl/historiapolitica/resenas_parlamentarias/wiki/Juan_Manuel_Fuenzalida_Cobo
5,Chile Vamos,UDI,"('Sergio', 'Gahona', 'Salazar')",27332.0,11.78,*,*,https://www.bcn.cl/historiapolitica/resenas_parlamentarias/wiki/Sergio_Alfredo_Gahona_Salazar,https://www.bcn.cl/historiapolitica/resenas_parlamentarias/wiki/Sergio_Alfredo_Gahona_Salazar,https://www.bcn.cl/historiapolitica/resenas_parlamentarias/wiki/Sergio_Alfredo_Gahona_Salazar
5,Chile Vamos,RN,"('Francisco', 'Eguiguren', 'Correa')",11132.0,4.8,*,*,https://www.bcn.cl/historiapolitica/resenas_parlamentarias/wiki/Francisco_de_Borja_Eguiguren_Correa,https://www.bcn.cl/historiapolitica/resenas_parlamentarias/wiki/Francisco_de_Borja_Eguiguren_Correa,https://www.bcn.cl/historiapolitica/resenas_parlamentarias/wiki/Francisco_de_Borja_Eguiguren_Correa
5,Coalición Regionalista Verde,FREVS,"('Pedro', 'Antonio', 'Velasquez', 'Seguel')",22587.0,9.74,*,*,https://www.bcn.cl/historiapolitica/resenas_parlamentarias/wiki/Pedro_Antonio_Velásquez_Seguel,https://www.bcn.cl/historiapolitica/resenas_parlamentarias/wiki/Pedro_Antonio_Velásquez_Seguel,https://www.bcn.cl/historiapolitica/resenas_parlamentarias/wiki/Pedro_Antonio_Velásquez_Seguel
5,Convergencia Democrática,PDC,"('Matias', 'Walker', 'Prieto')",15468.0,6.67,*,*,https://www.bcn.cl/historiapolitica/resenas_parlamentarias/wiki/Matías_Walker_Prieto,https://www.bcn.cl/historiapolitica/resenas_parlamentarias/wiki/Matías_Walker_Prieto,https://www.bcn.cl/historiapolitica/resenas_parlamentarias/wiki/Matías_Walker_Prieto
5,La Fuerza de la Mayoría,PC,"('Daniel', 'Nuñez', 'Arancibia')",15300.0,6.6,*,*,https://www.bcn.cl/historiapolitica/resenas_parlamentarias/wiki/Daniel_Ignacio_Núñez_Arancibia,https://www.bcn.cl/historiapolitica/resenas_parlamentarias/wiki/Daniel_Ignacio_Núñez_Arancibia,https://www.bcn.cl/historiapolitica/resenas_parlamentarias/wiki/Daniel_Ignacio_Núñez_Arancibia
5,La Fuerza de la Mayoría,PS,"('Raul', 'Saldivar', 'Auger')",11077.0,4.78,*,*,https://www.bcn.cl/historiapolitica/resenas_parlamentarias/wiki/Raúl_Fernando_Saldívar_Auger,https://www.bcn.cl/historiapolitica/resenas_parlamentarias/wiki/Raúl_Fernando_Saldívar_Auger,https://www.bcn.cl/historiapolitica/resenas_parlamentarias/wiki/Raúl_Fernando_Saldívar_Auger
6,Chile Vamos,RN,"('Luis', 'Pardo', 'Sainz')",15725.0,4.95,*,*,https://www.bcn.cl/historiapolitica/resenas_parlamentarias/wiki/Luis_Rafael_Pardo_Sainz,https://www.bcn.cl/historiapolitica/resenas_parlamentarias/wiki/Luis_Rafael_Pardo_Sainz,https://www.bcn.cl/historiapolitica/resenas_parlamentarias/wiki/Luis_Rafael_Pardo_Sainz
6,Chile Vamos,RN,"('Andres', 'Longton', 'Herrera')",38874.0,12.23,*,*,https://www.bcn.cl/historiapolitica/resenas_parlamentarias/wiki/Andrés_Longton_Herrera,https://www.bcn.cl/historiapolitica/resenas_parlamentarias/wiki/Andrés_Longton_Herrera,https://www.bcn.cl/historiapolitica/resenas_parlamentarias/wiki/Andrés_Longton_Herrera
6,Chile Vamos,RN,"('Camila', 'Flores', 'Oporto')",15283.0,4.81,*,*,https://www.bcn.cl/historiapolitica/resenas_parlamentarias/wiki/Camila_Alejandra_Flores_Oporto,https://www.bcn.cl/historiapolitica/resenas_parlamentarias/wiki/Camila_Alejandra_Flores_Oporto,https://www.bcn.cl/historiapolitica/resenas_parlamentarias/wiki/Camila_Alejandra_Flores_Oporto
6,Chile Vamos,EVOPOLI,"('Pablo', 'Kast', 'Sommerhoff')",28465.0,8.96,*,*,https://www.bcn.cl/historiapolitica/resenas_parlamentarias/wiki/Pablo_Andrés_Kast_Sommerhoff,https://www.bcn.cl/historiapolitica/resenas_parlamentarias/wiki/Pablo_Andrés_Kast_Sommerhoff,https://www.bcn.cl/historiapolitica/resenas_parlamentarias/wiki/Pablo_Andrés_Kast_Sommerhoff
6,Convergencia Democrática,PDC,"('Daniel', 'Angel', 'Verdessi', 'Belemmi')",11571.0,3.64,*,*,https://www.bcn.cl/historiapolitica/resenas_parlamentarias/wiki/Daniel_Ángel_Verdessi_Belemmi,https://www.bcn.cl/historiapolitica/resenas_parlamentarias/wiki/Daniel_Ángel_Verdessi_Belemmi,https://www.bcn.cl/historiapolitica/resenas_parlamentarias/wiki/Daniel_Ángel_Verdessi_Belemmi
6,Frente Amplio,PH,"('Diego', 'Ibañez', 'Cotroneo')",9185.0,2.89,*,*,https://www.bcn.cl/historiapolitica/resenas_parlamentarias/wiki/Diego_Eduardo_Ibáñez_Cotroneo,https://www.bcn.cl/historiapolitica/resenas_parlamentarias/wiki/Diego_Eduardo_Ibáñez_Cotroneo,https://www.bcn.cl/historiapolitica/resenas_parlamentarias/wiki/Diego_Eduardo_Ibáñez_Cotroneo
6,La Fuerza de la Mayoría,PPD,"('Carolina', 'Marzan', 'Pinto')",14422.0,4.54,*,*,https://www.bcn.cl/historiapolitica/resenas_parlamentarias/wiki/Marta_Carolina_Marzán_Pinto,https://www.bcn.cl/historiapolitica/resenas_parlamentarias/wiki/Marta_Carolina_Marzán_Pinto,https://www.bcn.cl/historiapolitica/resenas_parlamentarias/wiki/Marta_Carolina_Marzán_Pinto
6,La Fuerza de la Mayoría,PS,"('Marcelo', 'Schilling', 'Rodriguez')",20072.0,6.32,*,*,https://www.bcn.cl/historiapolitica/resenas_parlamentarias/wiki/Marcelo_Schilling_Rodríguez,https://www.bcn.cl/historiapolitica/resenas_parlamentarias/wiki/Marcelo_Schilling_Rodríguez,https://www.bcn.cl/historiapolitica/resenas_parlamentarias/wiki/Marcelo_Schilling_Rodríguez
7,Chile Vamos,RN,"('Andres', 'Celis', 'Montt')",21285.0,6.61,*,*,https://www.bcn.cl/historiapolitica/resenas_parlamentarias/wiki/Andrés_Celis_Montt,https://www.bcn.cl/historiapolitica/resenas_parlamentarias/wiki/Andrés_Celis_Montt,https://www.bcn.cl/historiapolitica/resenas_parlamentarias/wiki/Andrés_Celis_Montt
7,Chile Vamos,UDI,"('Osvaldo', 'Urrutia', 'Soto')",18198.0,5.65,*,*,https://www.bcn.cl/historiapolitica/resenas_parlamentarias/wiki/Osvaldo_Alejandro_Nicanor_Urrutia_Soto,https://www.bcn.cl/historiapolitica/resenas_parlamentarias/wiki/Osvaldo_Alejandro_Nicanor_Urrutia_Soto,https://www.bcn.cl/historiapolitica/resenas_parlamentarias/wiki/Osvaldo_Alejandro_Nicanor_Urrutia_Soto
7,Chile Vamos,UDI,"('Maria', 'Jose', 'Hoffmann', 'Opazo')",34690.0,10.77,*,*,https://www.bcn.cl/historiapolitica/resenas_parlamentarias/wiki/María_José_Hoffmann_Opazo,https://www.bcn.cl/historiapolitica/resenas_parlamentarias/wiki/María_José_Hoffmann_Opazo,https://www.bcn.cl/historiapolitica/resenas_parlamentarias/wiki/María_José_Hoffmann_Opazo
7,Convergencia Democrática,PDC,"('Victor', 'Marcelo', 'Torres', 'Jeldes')",14942.0,4.64,*,*,https://www.bcn.cl/historiapolitica/resenas_parlamentarias/wiki/Víctor_Marcelo_Torres_Jeldes,https://www.bcn.cl/historiapolitica/resenas_parlamentarias/wiki/Víctor_Marcelo_Torres_Jeldes,https://www.bcn.cl/historiapolitica/resenas_parlamentarias/wiki/Víctor_Marcelo_Torres_Jeldes
7,Frente Amplio,RD,"('Jorge', 'Brito', 'Hasbun')",13289.0,4.13,*,*,https://www.bcn.cl/historiapolitica/resenas_parlamentarias/wiki/Jorge_Elías_Brito_Hasbún,https://www.bcn.cl/historiapolitica/resenas_parlamentarias/wiki/Jorge_Elías_Brito_Hasbún,https://www.bcn.cl/historiapolitica/resenas_parlamentarias/wiki/Jorge_Elías_Brito_Hasbún
7,Frente Amplio,IGUALDAD,"('Camila', 'Rojas', 'Valderrama')",14885.0,4.62,*,*,https://www.bcn.cl/historiapolitica/resenas_parlamentarias/wiki/Camila_Ruzlay_Rojas_Valderrama,https://www.bcn.cl/historiapolitica/resenas_parlamentarias/wiki/Camila_Ruzlay_Rojas_Valderrama,https://www.bcn.cl/historiapolitica/resenas_parlamentarias/wiki/Camila_Ruzlay_Rojas_Valderrama
7,La Fuerza de la Mayoría,PPD,"('Rodrigo', 'Gonzalez', 'Torres')",16849.0,5.23,*,*,https://www.bcn.cl/historiapolitica/resenas_parlamentarias/wiki/Rodrigo_René_González_Torres,https://www.bcn.cl/historiapolitica/resenas_parlamentarias/wiki/Rodrigo_René_González_Torres,https://www.bcn.cl/historiapolitica/resenas_parlamentarias/wiki/Rodrigo_René_González_Torres
7,La Fuerza de la Mayoría,PS,"('Marcelo', 'Diaz', 'Diaz')",15265.0,4.74,*,*,https://www.bcn.cl/historiapolitica/resenas_parlamentarias/wiki/Marcelo_Eduardo_Díaz_Díaz,https://www.bcn.cl/historiapolitica/resenas_parlamentarias/wiki/Marcelo_Eduardo_Díaz_Díaz,https://www.bcn.cl/historiapolitica/resenas_parlamentarias/wiki/Marcelo_Eduardo_Díaz_Díaz
8,Chile Vamos,UDI,"('Patricio', 'Melero', 'Abaroa')",23042.0,5.43,*,,https://www.bcn.cl/historiapolitica/resenas_parlamentarias/wiki/Patricio_Melero_Abaroa,https://www.bcn.cl/historiapolitica/resenas_parlamentarias/wiki/Patricio_Melero_Abaroa,https://www.bcn.cl/historiapolitica/resenas_parlamentarias/wiki/Patricio_Melero_Abaroa
8,Chile Vamos,UDI,"('Joaquin', 'Lavin', 'Leon')",75973.0,17.92,*,*,https://www.bcn.cl/historiapolitica/resenas_parlamentarias/wiki/Joaquín_José_Lavín_León,https://www.bcn.cl/historiapolitica/resenas_parlamentarias/wiki/Joaquín_José_Lavín_León,https://www.bcn.cl/historiapolitica/resenas_parlamentarias/wiki/Joaquín_José_Lavín_León
8,Chile Vamos,RN,"('Mario', 'Desbordes', 'Jimenez')",17799.0,4.2,*,*,https://www.bcn.cl/historiapolitica/resenas_parlamentarias/wiki/Mario_Guillermo_Desbordes_Jiménez,https://www.bcn.cl/historiapolitica/resenas_parlamentarias/wiki/Mario_Guillermo_Desbordes_Jiménez,https://www.bcn.cl/historiapolitica/resenas_parlamentarias/wiki/Mario_Guillermo_Desbordes_Jiménez
8,Chile Vamos,UDI,"('Cristián', 'Labbé', 'Martínez')",0.0,0.0,,*,,,https://www.bcn.cl/historiapolitica/resenas_parlamentarias/wiki/Cristián_Labbé_Martínez
8,Chile Vamos,RN,"('Camilo', 'Morán', 'Bahamondes')",0.0,0.0,,*,,,https://www.bcn.cl/historiapolitica/resenas_parlamentarias/wiki/Camilo_Morán_Bahamondes
8,Convergencia Democrática,PDC,"('Gabriel', 'Silber', 'Romo')",29205.0,6.89,*,*,https://www.bcn.cl/historiapolitica/resenas_parlamentarias/wiki/Gabriel_Silber_Romo,https://www.bcn.cl/historiapolitica/resenas_parlamentarias/wiki/Gabriel_Silber_Romo,https://www.bcn.cl/historiapolitica/resenas_parlamentarias/wiki/Gabriel_Silber_Romo
8,Frente Amplio,PODER,"('Claudia', 'Nathalie', 'Mix', 'Jimenez')",20958.0,4.94,*,*,https://www.bcn.cl/historiapolitica/resenas_parlamentarias/wiki/Claudia_Nathalie_Mix_Jimenez,https://www.bcn.cl/historiapolitica/resenas_parlamentarias/wiki/Claudia_Nathalie_Mix_Jimenez,https://www.bcn.cl/historiapolitica/resenas_parlamentarias/wiki/Claudia_Nathalie_Mix_Jimenez
8,Frente Amplio,RD,"('Pablo', 'Vidal', 'Rojas')",12135.0,2.86,*,*,https://www.bcn.cl/historiapolitica/resenas_parlamentarias/wiki/Pablo_Esteban_Vidal_Rojas,https://www.bcn.cl/historiapolitica/resenas_parlamentarias/wiki/Pablo_Esteban_Vidal_Rojas,https://www.bcn.cl/historiapolitica/resenas_parlamentarias/wiki/Pablo_Esteban_Vidal_Rojas
8,La Fuerza de la Mayoría,PRSD,"('Pepe', 'Auth', 'Stewart')",26839.0,6.33,*,*,https://www.bcn.cl/historiapolitica/resenas_parlamentarias/wiki/Pepe_Auth_Stewart,https://www.bcn.cl/historiapolitica/resenas_parlamentarias/wiki/Pepe_Auth_Stewart,https://www.bcn.cl/historiapolitica/resenas_parlamentarias/wiki/Pepe_Auth_Stewart
8,La Fuerza de la Mayoría,PC,"('Carmen', 'Hertz', 'Cadiz')",16035.0,3.78,*,*,https://www.bcn.cl/historiapolitica/resenas_parlamentarias/wiki/Carmen_Adelaida_Hertz_Cádiz,https://www.bcn.cl/historiapolitica/resenas_parlamentarias/wiki/Carmen_Adelaida_Hertz_Cádiz,https://www.bcn.cl/historiapolitica/resenas_parlamentarias/wiki/Carmen_Adelaida_Hertz_Cádiz
9,Chile Vamos,RN,"('Erika', 'Olivera', 'de la Fuente')",30817.0,9.15,*,*,https://www.bcn.cl/historiapolitica/resenas_parlamentarias/wiki/Erika_Alejandra_Olivera_de_la_Fuente,https://www.bcn.cl/historiapolitica/resenas_parlamentarias/wiki/Erika_Alejandra_Olivera_de_la_Fuente,https://www.bcn.cl/historiapolitica/resenas_parlamentarias/wiki/Erika_Alejandra_Olivera_de_la_Fuente
9,Chile Vamos,EVOPOLI,"('Sebastian', 'Keitel', 'Bianchi')",30243.0,8.98,*,*,https://www.bcn.cl/historiapolitica/resenas_parlamentarias/wiki/Sebastián_Keitel_Bianchi,https://www.bcn.cl/historiapolitica/resenas_parlamentarias/wiki/Sebastián_Keitel_Bianchi,https://www.bcn.cl/historiapolitica/resenas_parlamentarias/wiki/Sebastián_Keitel_Bianchi
9,Chile Vamos,RN,"('Jorge', 'Duran', 'Espinoza')",19421.0,5.77,*,*,https://www.bcn.cl/historiapolitica/resenas_parlamentarias/wiki/Jorge_Andrés_Durán_Espinoza,https://www.bcn.cl/historiapolitica/resenas_parlamentarias/wiki/Jorge_Andrés_Durán_Espinoza,https://www.bcn.cl/historiapolitica/resenas_parlamentarias/wiki/Jorge_Andrés_Durán_Espinoza
9,Frente Amplio,RD,"('Maite', 'Orsini', 'Pascal')",21814.0,6.48,*,*,https://www.bcn.cl/historiapolitica/resenas_parlamentarias/wiki/Maite_Orsini_Pascal,https://www.bcn.cl/historiapolitica/resenas_parlamentarias/wiki/Maite_Orsini_Pascal,https://www.bcn.cl/historiapolitica/resenas_parlamentarias/wiki/Maite_Orsini_Pascal
9,La Fuerza de la Mayoría,PC,"('Boris', 'Anthony', 'Barrera', 'Moreno')",4352.0,1.29,*,*,https://www.bcn.cl/historiapolitica/resenas_parlamentarias/wiki/Boris_Anthony_Barrera_Moreno,https://www.bcn.cl/historiapolitica/resenas_parlamentarias/wiki/Boris_Anthony_Barrera_Moreno,https://www.bcn.cl/historiapolitica/resenas_parlamentarias/wiki/Boris_Anthony_Barrera_Moreno
9,La Fuerza de la Mayoría,PC,"('Karol', 'Cariola', 'Oliva')",50446.0,14.98,*,*,https://www.bcn.cl/historiapolitica/resenas_parlamentarias/wiki/Karol_Aída_Cariola_Oliva,https://www.bcn.cl/historiapolitica/resenas_parlamentarias/wiki/Karol_Aída_Cariola_Oliva,https://www.bcn.cl/historiapolitica/resenas_parlamentarias/wiki/Karol_Aída_Cariola_Oliva
9,La Fuerza de la Mayoría,PPD,"('Cristina', 'Girardi', 'Lavin')",16211.0,4.81,*,*,https://www.bcn.cl/historiapolitica/resenas_parlamentarias/wiki/Cristina_Girardi_Lavín,https://www.bcn.cl/historiapolitica/resenas_parlamentarias/wiki/Cristina_Girardi_Lavín,https://www.bcn.cl/historiapolitica/resenas_parlamentarias/wiki/Cristina_Girardi_Lavín
10,Chile Vamos,RN,"('Marcela', 'Sabat', 'Fernandez')",54630.0,12.52,*,*,https://www.bcn.cl/historiapolitica/resenas_parlamentarias/wiki/Marcela_Constanza_Sabat_Fernández,https://www.bcn.cl/historiapolitica/resenas_parlamentarias/wiki/Marcela_Constanza_Sabat_Fernández,https://www.bcn.cl/historiapolitica/resenas_parlamentarias/wiki/Marcela_Constanza_Sabat_Fernández
10,Chile Vamos,UDI,"('Jorge', 'Alessandri', 'Vergara')",30833.0,7.06,*,*,https://www.bcn.cl/historiapolitica/resenas_parlamentarias/wiki/Jorge_Iván_Alessandri_Vergara,https://www.bcn.cl/historiapolitica/resenas_parlamentarias/wiki/Jorge_Iván_Alessandri_Vergara,https://www.bcn.cl/historiapolitica/resenas_parlamentarias/wiki/Jorge_Iván_Alessandri_Vergara
10,Chile Vamos,RN,"('Sebastian', 'Torrealba', 'Alvarado')",10196.0,2.34,*,*,https://www.bcn.cl/historiapolitica/resenas_parlamentarias/wiki/Sebastián_Torrealba_Alvarado,https://www.bcn.cl/historiapolitica/resenas_parlamentarias/wiki/Sebastián_Torrealba_Alvarado,https://www.bcn.cl/historiapolitica/resenas_parlamentarias/wiki/Sebastián_Torrealba_Alvarado
10,Chile Vamos,EVOPOLI,"('Luciano', 'Cruz-Coke', 'Carvallo')",38143.0,8.74,*,*,https://www.bcn.cl/historiapolitica/resenas_parlamentarias/wiki/Luciano_Cruz_Coke_Carvallo,https://www.bcn.cl/historiapolitica/resenas_parlamentarias/wiki/Luciano_Cruz_Coke_Carvallo,https://www.bcn.cl/historiapolitica/resenas_parlamentarias/wiki/Luciano_Cruz_Coke_Carvallo
10,Chile Vamos,RN,"('Tomás', 'Fuentes', 'Barros')",0.0,0.0,,*,,,https://www.bcn.cl/historiapolitica/resenas_parlamentarias/wiki/Tomás_Fuentes_Barros
10,Frente Amplio,RD,"('Giorgio', 'Jackson', 'Drago')",103523.0,23.72,*,*,https://www.bcn.cl/historiapolitica/resenas_parlamentarias/wiki/Kenneth_Giorgio_Jackson_Drago,https://www.bcn.cl/historiapolitica/resenas_parlamentarias/wiki/Kenneth_Giorgio_Jackson_Drago,https://www.bcn.cl/historiapolitica/resenas_parlamentarias/wiki/Kenneth_Giorgio_Jackson_Drago
10,Frente Amplio,RD,"('Gonzalo', 'Winter', 'Etcheberry')",5237.0,1.2,*,*,https://www.bcn.cl/historiapolitica/resenas_parlamentarias/wiki/Gonzalo_Rodolfo_Winter_Etcheberry,https://www.bcn.cl/historiapolitica/resenas_parlamentarias/wiki/Gonzalo_Rodolfo_Winter_Etcheberry,https://www.bcn.cl/historiapolitica/resenas_parlamentarias/wiki/Gonzalo_Rodolfo_Winter_Etcheberry
10,Frente Amplio,RD,"('Natalia', 'Castillo', 'Muñoz')",4453.0,1.02,*,*,https://www.bcn.cl/historiapolitica/resenas_parlamentarias/wiki/Natalia_Valentina_Castillo_Muñoz,https://www.bcn.cl/historiapolitica/resenas_parlamentarias/wiki/Natalia_Valentina_Castillo_Muñoz,https://www.bcn.cl/historiapolitica/resenas_parlamentarias/wiki/Natalia_Valentina_Castillo_Muñoz
10,La Fuerza de la Mayoría,PS,"('Maya', 'Fernandez', 'Allende')",28437.0,6.52,*,*,https://www.bcn.cl/historiapolitica/resenas_parlamentarias/wiki/Maya_Alejandra_Fernández_Allende,https://www.bcn.cl/historiapolitica/resenas_parlamentarias/wiki/Maya_Alejandra_Fernández_Allende,https://www.bcn.cl/historiapolitica/resenas_parlamentarias/wiki/Maya_Alejandra_Fernández_Allende
11,Chile Vamos,EVOPOLI,"('Francisco', 'Undurraga', 'Gazitua')",58666.0,15.58,*,*,https://www.bcn.cl/historiapolitica/resenas_parlamentarias/wiki/Juan_Francisco_Undurraga_Gazitúa,https://www.bcn.cl/historiapolitica/resenas_parlamentarias/wiki/Juan_Francisco_Undurraga_Gazitúa,https://www.bcn.cl/historiapolitica/resenas_parlamentarias/wiki/Juan_Francisco_Undurraga_Gazitúa
11,Chile Vamos,RN,"('Gonzalo', 'Fuenzalida', 'Figueroa')",60132.0,15.97,*,*,https://www.bcn.cl/historiapolitica/resenas_parlamentarias/wiki/Gonzalo_Guillermo_Fuenzalida_Figueroa,https://www.bcn.cl/historiapolitica/resenas_parlamentarias/wiki/Gonzalo_Guillermo_Fuenzalida_Figueroa,https://www.bcn.cl/historiapolitica/resenas_parlamentarias/wiki/Gonzalo_Guillermo_Fuenzalida_Figueroa
11,Chile Vamos,RN,"('Catalina', 'del Real', 'Mihovilovic')",43499.0,11.55,*,*,https://www.bcn.cl/historiapolitica/resenas_parlamentarias/wiki/María_Catalina_Del_Real_Mihovilovic,https://www.bcn.cl/historiapolitica/resenas_parlamentarias/wiki/María_Catalina_Del_Real_Mihovilovic,https://www.bcn.cl/historiapolitica/resenas_parlamentarias/wiki/María_Catalina_Del_Real_Mihovilovic
11,Chile Vamos,RN,"('Karin', 'Luck', 'Urban')",6879.0,1.83,*,*,https://www.bcn.cl/historiapolitica/resenas_parlamentarias/wiki/Karin_Claudia_Luck_Urban,https://www.bcn.cl/historiapolitica/resenas_parlamentarias/wiki/Karin_Claudia_Luck_Urban,https://www.bcn.cl/historiapolitica/resenas_parlamentarias/wiki/Karin_Claudia_Luck_Urban
11,Chile Vamos,UDI,"('Guillermo', 'Ramirez', 'Diez')",30731.0,8.16,*,*,https://www.bcn.cl/historiapolitica/resenas_parlamentarias/wiki/Guillermo_Andrés_Ramírez_Diez,https://www.bcn.cl/historiapolitica/resenas_parlamentarias/wiki/Guillermo_Andrés_Ramírez_Diez,https://www.bcn.cl/historiapolitica/resenas_parlamentarias/wiki/Guillermo_Andrés_Ramírez_Diez
11,Frente Amplio,PH,"('Tomas', 'Hirsch', 'Goldschmidt')",23627.0,6.27,*,*,https://www.bcn.cl/historiapolitica/resenas_parlamentarias/wiki/Tomás_René_Hirsch_Goldschmidt,https://www.bcn.cl/historiapolitica/resenas_parlamentarias/wiki/Tomás_René_Hirsch_Goldschmidt,https://www.bcn.cl/historiapolitica/resenas_parlamentarias/wiki/Tomás_René_Hirsch_Goldschmidt
12,Chile Vamos,UDI,"('Alvaro', 'Carter', 'Fernandez')",27491.0,7.88,*,*,https://www.bcn.cl/historiapolitica/resenas_parlamentarias/wiki/Álvaro_Jorge_Carter_Fernández,https://www.bcn.cl/historiapolitica/resenas_parlamentarias/wiki/Álvaro_Jorge_Carter_Fernández,https://www.bcn.cl/historiapolitica/resenas_parlamentarias/wiki/Álvaro_Jorge_Carter_Fernández
12,Chile Vamos,RN,"('Ximena', 'Ossandon', 'Irarrazabal')",52484.0,15.05,*,*,https://www.bcn.cl/historiapolitica/resenas_parlamentarias/wiki/María_Ximena_Ossandón_Irarrázabal,https://www.bcn.cl/historiapolitica/resenas_parlamentarias/wiki/María_Ximena_Ossandón_Irarrázabal,https://www.bcn.cl/historiapolitica/resenas_parlamentarias/wiki/María_Ximena_Ossandón_Irarrázabal
12,Chile Vamos,RN,"('Leopoldo', 'Perez', 'Lahsen')",29984.0,8.6,*,*,https://www.bcn.cl/historiapolitica/resenas_parlamentarias/wiki/Leopoldo_Alfredo_Pérez_Lahsen,https://www.bcn.cl/historiapolitica/resenas_parlamentarias/wiki/Leopoldo_Alfredo_Pérez_Lahsen,https://www.bcn.cl/historiapolitica/resenas_parlamentarias/wiki/Leopoldo_Alfredo_Pérez_Lahsen
12,Frente Amplio,PH,"('Pamela', 'Jiles', 'Moreno')",45222.0,12.96,*,*,https://www.bcn.cl/historiapolitica/resenas_parlamentarias/wiki/Pamela_Jiles_Moreno,https://www.bcn.cl/historiapolitica/resenas_parlamentarias/wiki/Pamela_Jiles_Moreno,https://www.bcn.cl/historiapolitica/resenas_parlamentarias/wiki/Pamela_Jiles_Moreno
12,Frente Amplio,RD,"('Miguel', 'Crispi', 'Serrano')",25569.0,7.33,*,*,https://www.bcn.cl/historiapolitica/resenas_parlamentarias/wiki/Miguel_Ernesto_Crispi_Serrano,https://www.bcn.cl/historiapolitica/resenas_parlamentarias/wiki/Miguel_Ernesto_Crispi_Serrano,https://www.bcn.cl/historiapolitica/resenas_parlamentarias/wiki/Miguel_Ernesto_Crispi_Serrano
12,La Fuerza de la Mayoría,PC,"('Camila', 'Vallejo', 'Dowling')",47807.0,13.71,*,*,https://www.bcn.cl/historiapolitica/resenas_parlamentarias/wiki/Camila_Antonia_Amaranta_Vallejo_Dowling,https://www.bcn.cl/historiapolitica/resenas_parlamentarias/wiki/Camila_Antonia_Amaranta_Vallejo_Dowling,https://www.bcn.cl/historiapolitica/resenas_parlamentarias/wiki/Camila_Antonia_Amaranta_Vallejo_Dowling
12,La Fuerza de la Mayoría,PC,"('Amaro', 'Labra', 'Sepulveda')",6316.0,1.81,*,*,https://www.bcn.cl/historiapolitica/resenas_parlamentarias/wiki/Amaro_Jamil_Jesús_Labra_Sepúlveda,https://www.bcn.cl/historiapolitica/resenas_parlamentarias/wiki/Amaro_Jamil_Jesús_Labra_Sepúlveda,https://www.bcn.cl/historiapolitica/resenas_parlamentarias/wiki/Amaro_Jamil_Jesús_Labra_Sepúlveda
13,Chile Vamos,RN,"('Eduardo', 'Duran', 'Salinas')",19744.0,8.06,*,*,https://www.bcn.cl/historiapolitica/resenas_parlamentarias/wiki/Eduardo_Alfredo_Durán_Salinas,https://www.bcn.cl/historiapolitica/resenas_parlamentarias/wiki/Eduardo_Alfredo_Durán_Salinas,https://www.bcn.cl/historiapolitica/resenas_parlamentarias/wiki/Eduardo_Alfredo_Durán_Salinas
13,Chile Vamos,UDI,"('Cristhian', 'Moreira', 'Barros')",18125.0,7.4,*,*,https://www.bcn.cl/historiapolitica/resenas_parlamentarias/wiki/Cristhian_Patricio_Moreira_Barros,https://www.bcn.cl/historiapolitica/resenas_parlamentarias/wiki/Cristhian_Patricio_Moreira_Barros,https://www.bcn.cl/historiapolitica/resenas_parlamentarias/wiki/Cristhian_Patricio_Moreira_Barros
13,Frente Amplio,RD,"('Gael', 'Fernanda', 'Yeomans', 'Araya')",13721.0,5.6,*,*,https://www.bcn.cl/historiapolitica/resenas_parlamentarias/wiki/Gael_Fernanda_Yeomans_Araya,https://www.bcn.cl/historiapolitica/resenas_parlamentarias/wiki/Gael_Fernanda_Yeomans_Araya,https://www.bcn.cl/historiapolitica/resenas_parlamentarias/wiki/Gael_Fernanda_Yeomans_Araya
13,La Fuerza de la Mayoría,PC,"('Guillermo', 'Teillier', 'del Valle')",28798.0,11.75,*,*,https://www.bcn.cl/historiapolitica/resenas_parlamentarias/wiki/Guillermo_León_Teillier_del_Valle,https://www.bcn.cl/historiapolitica/resenas_parlamentarias/wiki/Guillermo_León_Teillier_del_Valle,https://www.bcn.cl/historiapolitica/resenas_parlamentarias/wiki/Guillermo_León_Teillier_del_Valle
13,La Fuerza de la Mayoría,PPD,"('Tucapel', 'Francisco', 'Jimenez', 'Fuentes')",22551.0,9.2,*,*,https://www.bcn.cl/historiapolitica/resenas_parlamentarias/wiki/Tucapel_Francisco_Jiménez_Fuentes,https://www.bcn.cl/historiapolitica/resenas_parlamentarias/wiki/Tucapel_Francisco_Jiménez_Fuentes,https://www.bcn.cl/historiapolitica/resenas_parlamentarias/wiki/Tucapel_Francisco_Jiménez_Fuentes
14,Chile Vamos,UDI,"('Jaime', 'Bellolio', 'Avaria')",32044.0,10.56,*,,https://www.bcn.cl/historiapolitica/resenas_parlamentarias/wiki/Jaime_Andrés_Bellolio_Avaria,https://www.bcn.cl/historiapolitica/resenas_parlamentarias/wiki/Jaime_Andrés_Bellolio_Avaria,https://www.bcn.cl/historiapolitica/resenas_parlamentarias/wiki/Jaime_Andrés_Bellolio_Avaria
14,Chile Vamos,UDI,"('Juan', 'Antonio', 'Coloma', 'Alamos')",35779.0,11.79,*,*,https://www.bcn.cl/historiapolitica/resenas_parlamentarias/wiki/Juan_Antonio_Coloma_Álamos,https://www.bcn.cl/historiapolitica/resenas_parlamentarias/wiki/Juan_Antonio_Coloma_Álamos,https://www.bcn.cl/historiapolitica/resenas_parlamentarias/wiki/Juan_Antonio_Coloma_Álamos
14,Chile Vamos,UDI,"('Nora', 'Cuevas', 'Contreras')",0.0,0.0,,*,,,https://www.bcn.cl/historiapolitica/resenas_parlamentarias/wiki/Nora_Cuevas_Contreras
14,Frente Amplio,RD,"('Renato', 'Garin', 'Gonzalez')",11573.0,3.82,*,*,https://www.bcn.cl/historiapolitica/resenas_parlamentarias/wiki/Renato_Fabrizio_Garín_González,https://www.bcn.cl/historiapolitica/resenas_parlamentarias/wiki/Renato_Fabrizio_Garín_González,https://www.bcn.cl/historiapolitica/resenas_parlamentarias/wiki/Renato_Fabrizio_Garín_González
14,Frente Amplio,RD,"('Marcela', 'Sandoval', 'Osorio')",0.0,0.0,,*,,,https://www.bcn.cl/historiapolitica/resenas_parlamentarias/wiki/Marcela_Paz_Alejandra_Sandoval_Osorio
14,La Fuerza de la Mayoría,PS,"('Raul', 'Leiva', 'Carvajal')",44774.0,14.76,*,*,https://www.bcn.cl/historiapolitica/resenas_parlamentarias/wiki/Raúl_Alfonso_Leiva_Carvajal,https://www.bcn.cl/historiapolitica/resenas_parlamentarias/wiki/Raúl_Alfonso_Leiva_Carvajal,https://www.bcn.cl/historiapolitica/resenas_parlamentarias/wiki/Raúl_Alfonso_Leiva_Carvajal
14,La Fuerza de la Mayoría,PS,"('Leonardo', 'Soto', 'Ferrada')",22170.0,7.31,*,*,https://www.bcn.cl/historiapolitica/resenas_parlamentarias/wiki/Leonardo_Enrique_Soto_Ferrada,https://www.bcn.cl/historiapolitica/resenas_parlamentarias/wiki/Leonardo_Enrique_Soto_Ferrada,https://www.bcn.cl/historiapolitica/resenas_parlamentarias/wiki/Leonardo_Enrique_Soto_Ferrada
14,Por Todo Chile,PRO,"('Marisela', 'Santibañez', 'Novoa')",35984.0,11.86,*,*,https://www.bcn.cl/historiapolitica/resenas_parlamentarias/wiki/Marisela_del_Carmen_Santibáñez_Novoa,https://www.bcn.cl/historiapolitica/resenas_parlamentarias/wiki/Marisela_del_Carmen_Santibáñez_Novoa,https://www.bcn.cl/historiapolitica/resenas_parlamentarias/wiki/Marisela_del_Carmen_Santibáñez_Novoa
15,Chile Vamos,UDI,"('Javier', 'Macaya', 'Danus')",25219.0,13.98,*,*,https://www.bcn.cl/historiapolitica/resenas_parlamentarias/wiki/Javier_Ignacio_Macaya_Danus,https://www.bcn.cl/historiapolitica/resenas_parlamentarias/wiki/Javier_Ignacio_Macaya_Danus,https://www.bcn.cl/historiapolitica/resenas_parlamentarias/wiki/Javier_Ignacio_Macaya_Danus
15,Chile Vamos,UDI,"('Issa', 'Kort', 'Garriga')",16773.0,9.3,*,,https://www.bcn.cl/historiapolitica/resenas_parlamentarias/wiki/Issa_Farid_Kort_Garriga,https://www.bcn.cl/historiapolitica/resenas_parlamentarias/wiki/Issa_Farid_Kort_Garriga,https://www.bcn.cl/historiapolitica/resenas_parlamentarias/wiki/Issa_Farid_Kort_Garriga
15,Chile Vamos,RN,"('Diego', 'Schalper', 'Sepulveda')",19285.0,10.69,*,*,https://www.bcn.cl/historiapolitica/resenas_parlamentarias/wiki/Diego_Ignacio_Schalper_Sepúlveda,https://www.bcn.cl/historiapolitica/resenas_parlamentarias/wiki/Diego_Ignacio_Schalper_Sepúlveda,https://www.bcn.cl/historiapolitica/resenas_parlamentarias/wiki/Diego_Ignacio_Schalper_Sepúlveda
15,Chile Vamos,UDI,"('Juan', 'Manuel', 'Masferrer', 'Vidal')",0.0,0.0,,*,,,https://www.bcn.cl/historiapolitica/resenas_parlamentarias/wiki/Juan_Manuel_Masferrer_Vidal
15,Convergencia Democrática,PDC,"('Raul', 'Soto', 'Mardones')",9026.0,5.0,*,*,https://www.bcn.cl/historiapolitica/resenas_parlamentarias/wiki/Raúl_Humberto_Soto_Mardones,https://www.bcn.cl/historiapolitica/resenas_parlamentarias/wiki/Raúl_Humberto_Soto_Mardones,https://www.bcn.cl/historiapolitica/resenas_parlamentarias/wiki/Raúl_Humberto_Soto_Mardones
15,La Fuerza de la Mayoría,PS,"('Juan', 'Luis', 'Castro', 'Gonzalez')",17849.0,9.89,*,*,https://www.bcn.cl/historiapolitica/resenas_parlamentarias/wiki/Juan_Luis_Castro_González,https://www.bcn.cl/historiapolitica/resenas_parlamentarias/wiki/Juan_Luis_Castro_González,https://www.bcn.cl/historiapolitica/resenas_parlamentarias/wiki/Juan_Luis_Castro_González
16,Chile Vamos,UDI,"('Ramon', 'Barros', 'Montero')",21866.0,15.92,*,*,https://www.bcn.cl/historiapolitica/resenas_parlamentarias/wiki/Ramón_José_Barros_Montero,https://www.bcn.cl/historiapolitica/resenas_parlamentarias/wiki/Ramón_José_Barros_Montero,https://www.bcn.cl/historiapolitica/resenas_parlamentarias/wiki/Ramón_José_Barros_Montero
16,Chile Vamos,UDI,"('Virginia', 'Troncoso', 'Hellman')",7987.0,5.82,*,*,https://www.bcn.cl/historiapolitica/resenas_parlamentarias/wiki/Virginia_Eugenia_Troncoso_Hellman,https://www.bcn.cl/historiapolitica/resenas_parlamentarias/wiki/Virginia_Eugenia_Troncoso_Hellman,https://www.bcn.cl/historiapolitica/resenas_parlamentarias/wiki/Virginia_Eugenia_Troncoso_Hellman
16,Coalición Regionalista Verde,FREVS,"('Alejandra', 'Sepulveda', 'Orbenes')",31737.0,23.11,*,*,https://www.bcn.cl/historiapolitica/resenas_parlamentarias/wiki/Alejandra_Sepúlveda_Orbenes,https://www.bcn.cl/historiapolitica/resenas_parlamentarias/wiki/Alejandra_Sepúlveda_Orbenes,https://www.bcn.cl/historiapolitica/resenas_parlamentarias/wiki/Alejandra_Sepúlveda_Orbenes
16,La Fuerza de la Mayoría,PRSD,"('Cosme', 'Mellado', 'Pino')",8864.0,6.45,*,*,https://www.bcn.cl/historiapolitica/resenas_parlamentarias/wiki/Cosme_Leopoldo_Mellado_Pino,https://www.bcn.cl/historiapolitica/resenas_parlamentarias/wiki/Cosme_Leopoldo_Mellado_Pino,https://www.bcn.cl/historiapolitica/resenas_parlamentarias/wiki/Cosme_Leopoldo_Mellado_Pino
17,Chile Vamos,UDI,"('Celso', 'Morales', 'Muñoz')",22089.0,9.04,*,*,https://www.bcn.cl/historiapolitica/resenas_parlamentarias/wiki/Celso_René_Morales_Muñoz,https://www.bcn.cl/historiapolitica/resenas_parlamentarias/wiki/Celso_René_Morales_Muñoz,https://www.bcn.cl/historiapolitica/resenas_parlamentarias/wiki/Celso_René_Morales_Muñoz
17,Chile Vamos,UDI,"('Pedro', 'Pablo', 'Alvarez-Salamanca', 'Ramirez')",20541.0,8.41,*,*,https://www.bcn.cl/historiapolitica/resenas_parlamentarias/wiki/Pedro_Pablo_Álvarez-Salamanca_Ramírez,https://www.bcn.cl/historiapolitica/resenas_parlamentarias/wiki/Pedro_Pablo_Álvarez-Salamanca_Ramírez,https://www.bcn.cl/historiapolitica/resenas_parlamentarias/wiki/Pedro_Pablo_Álvarez-Salamanca_Ramírez
17,Chile Vamos,RN,"('Hugo', 'Rey', 'Martinez')",20517.0,8.4,*,*,https://www.bcn.cl/historiapolitica/resenas_parlamentarias/wiki/Hugo_Vicente_Rey_Martínez,https://www.bcn.cl/historiapolitica/resenas_parlamentarias/wiki/Hugo_Vicente_Rey_Martínez,https://www.bcn.cl/historiapolitica/resenas_parlamentarias/wiki/Hugo_Vicente_Rey_Martínez
17,Chile Vamos,RN,"('Pablo', 'Prieto', 'Lorca')",14338.0,5.87,*,*,https://www.bcn.cl/historiapolitica/resenas_parlamentarias/wiki/Pablo_Samuel_Prieto_Lorca,https://www.bcn.cl/historiapolitica/resenas_parlamentarias/wiki/Pablo_Samuel_Prieto_Lorca,https://www.bcn.cl/historiapolitica/resenas_parlamentarias/wiki/Pablo_Samuel_Prieto_Lorca
17,Convergencia Democrática,PDC,"('Pablo', 'Lorenzini', 'Basso')",19884.0,8.14,*,*,https://www.bcn.cl/historiapolitica/resenas_parlamentarias/wiki/Pablo_Lorenzini_Basso,https://www.bcn.cl/historiapolitica/resenas_parlamentarias/wiki/Pablo_Lorenzini_Basso,https://www.bcn.cl/historiapolitica/resenas_parlamentarias/wiki/Pablo_Lorenzini_Basso
17,Frente Amplio,PH,"('Florcita', 'Alarcon', 'Rojas')",6482.0,2.65,*,*,https://www.bcn.cl/historiapolitica/resenas_parlamentarias/wiki/Raúl_Florcita_Alarcón_Rojas,https://www.bcn.cl/historiapolitica/resenas_parlamentarias/wiki/Raúl_Florcita_Alarcón_Rojas,https://www.bcn.cl/historiapolitica/resenas_parlamentarias/wiki/Raúl_Florcita_Alarcón_Rojas
17,La Fuerza de la Mayoría,PRSD,"('Alexis', 'Sepulveda', 'Soto')",18390.0,7.53,*,*,https://www.bcn.cl/historiapolitica/resenas_parlamentarias/wiki/Alexis_Edgardo_Sepúlveda_Soto,https://www.bcn.cl/historiapolitica/resenas_parlamentarias/wiki/Alexis_Edgardo_Sepúlveda_Soto,https://www.bcn.cl/historiapolitica/resenas_parlamentarias/wiki/Alexis_Edgardo_Sepúlveda_Soto
18,Chile Vamos,UDI,"('Ignacio', 'Urrutia', 'Bonilla')",17739.0,14.71,*,*,https://www.bcn.cl/historiapolitica/resenas_parlamentarias/wiki/Ignacio_Urrutia_Bonilla,https://www.bcn.cl/historiapolitica/resenas_parlamentarias/wiki/Ignacio_Urrutia_Bonilla,https://www.bcn.cl/historiapolitica/resenas_parlamentarias/wiki/Ignacio_Urrutia_Bonilla
18,Chile Vamos,UDI,"('Rolando', 'Renteria', 'Moller')",16715.0,13.86,*,*,https://www.bcn.cl/historiapolitica/resenas_parlamentarias/wiki/Rolando_Ramón_Rentería_Möller,https://www.bcn.cl/historiapolitica/resenas_parlamentarias/wiki/Rolando_Ramón_Rentería_Möller,https://www.bcn.cl/historiapolitica/resenas_parlamentarias/wiki/Rolando_Ramón_Rentería_Möller
18,Convergencia Democrática,PDC,"('Manuel', 'Jose', 'Matta', 'Aragay')",12825.0,10.64,*,*,https://www.bcn.cl/historiapolitica/resenas_parlamentarias/wiki/Manuel_José_Ramón_Matta_Aragay,https://www.bcn.cl/historiapolitica/resenas_parlamentarias/wiki/Manuel_José_Ramón_Matta_Aragay,https://www.bcn.cl/historiapolitica/resenas_parlamentarias/wiki/Manuel_José_Ramón_Matta_Aragay
18,La Fuerza de la Mayoría,PS,"('Jaime', 'Naranjo', 'Ortiz')",13390.0,11.1,*,*,https://www.bcn.cl/historiapolitica/resenas_parlamentarias/wiki/Jaime_Naranjo_Ortiz,https://www.bcn.cl/historiapolitica/resenas_parlamentarias/wiki/Jaime_Naranjo_Ortiz,https://www.bcn.cl/historiapolitica/resenas_parlamentarias/wiki/Jaime_Naranjo_Ortiz
19,Chile Vamos,UDI,"('Gustavo', 'Sanhueza', 'Dueñas')",15680.0,8.09,*,*,https://www.bcn.cl/historiapolitica/resenas_parlamentarias/wiki/Gustavo_Adolfo_Sanhueza_Dueñas,https://www.bcn.cl/historiapolitica/resenas_parlamentarias/wiki/Gustavo_Adolfo_Sanhueza_Dueñas,https://www.bcn.cl/historiapolitica/resenas_parlamentarias/wiki/Gustavo_Adolfo_Sanhueza_Dueñas
19,Chile Vamos,RN,"('Frank', 'Sauerbaum', 'Muñoz')",18107.0,9.34,*,*,https://www.bcn.cl/historiapolitica/resenas_parlamentarias/wiki/Frank_Carlos_Sauerbaum_Muñoz,https://www.bcn.cl/historiapolitica/resenas_parlamentarias/wiki/Frank_Carlos_Sauerbaum_Muñoz,https://www.bcn.cl/historiapolitica/resenas_parlamentarias/wiki/Frank_Carlos_Sauerbaum_Muñoz
19,Convergencia Democrática,PDC,"('Jorge', 'Eduardo', 'Sabag', 'Villalobos')",28995.0,14.96,*,*,https://www.bcn.cl/historiapolitica/resenas_parlamentarias/wiki/Jorge_Eduardo_Sabag_Villalobos,https://www.bcn.cl/historiapolitica/resenas_parlamentarias/wiki/Jorge_Eduardo_Sabag_Villalobos,https://www.bcn.cl/historiapolitica/resenas_parlamentarias/wiki/Jorge_Eduardo_Sabag_Villalobos
19,La Fuerza de la Mayoría,PPD,"('Maria', 'Loreto', 'Carvajal', 'Ambiado')",12734.0,6.57,*,,https://www.bcn.cl/historiapolitica/resenas_parlamentarias/wiki/María_Loreto_Carvajal_Ambiado,https://www.bcn.cl/historiapolitica/resenas_parlamentarias/wiki/María_Loreto_Carvajal_Ambiado,https://www.bcn.cl/historiapolitica/resenas_parlamentarias/wiki/María_Loreto_Carvajal_Ambiado
19,La Fuerza de la Mayoría,PRSD,"('Carlos', 'Abel', 'Jarpa', 'Wevar')",15377.0,7.94,*,*,https://www.bcn.cl/historiapolitica/resenas_parlamentarias/wiki/Carlos_Abel_Jarpa_Wevar,https://www.bcn.cl/historiapolitica/resenas_parlamentarias/wiki/Carlos_Abel_Jarpa_Wevar,https://www.bcn.cl/historiapolitica/resenas_parlamentarias/wiki/Carlos_Abel_Jarpa_Wevar
19,La Fuerza de la Mayoría,PPD,"('Patricia', 'Rubio', 'Escobar')",0.0,0.0,,*,,,https://www.bcn.cl/historiapolitica/resenas_parlamentarias/wiki/Patricia_Irene_Rubio_Escobar
20,Chile Vamos,RN,"('Francesca', 'Muñoz', 'Gonzalez')",23165.0,6.87,*,*,https://www.bcn.cl/historiapolitica/resenas_parlamentarias/wiki/Francesca_Elizabeth_Andrea_Muñoz_González,https://www.bcn.cl/historiapolitica/resenas_parlamentarias/wiki/Francesca_Elizabeth_Andrea_Muñoz_González,https://www.bcn.cl/historiapolitica/resenas_parlamentarias/wiki/Francesca_Elizabeth_Andrea_Muñoz_González
20,Chile Vamos,RN,"('Leonidas', 'Romero', 'Saez')",11414.0,3.38,*,*,https://www.bcn.cl/historiapolitica/resenas_parlamentarias/wiki/Leonidas_Andrés_Romero_Sáez,https://www.bcn.cl/historiapolitica/resenas_parlamentarias/wiki/Leonidas_Andrés_Romero_Sáez,https://www.bcn.cl/historiapolitica/resenas_parlamentarias/wiki/Leonidas_Andrés_Romero_Sáez
20,Chile Vamos,UDI,"('Enrique', 'van Rysselberghe', 'Herrera')",28757.0,8.53,*,*,https://www.bcn.cl/historiapolitica/resenas_parlamentarias/wiki/Enrique_Van_Rysselberghe_Herrera,https://www.bcn.cl/historiapolitica/resenas_parlamentarias/wiki/Enrique_Van_Rysselberghe_Herrera,https://www.bcn.cl/historiapolitica/resenas_parlamentarias/wiki/Enrique_Van_Rysselberghe_Herrera
20,Chile Vamos,UDI,"('Sergio', 'Bobadilla', 'Muñoz')",18432.0,5.47,*,*,https://www.bcn.cl/historiapolitica/resenas_parlamentarias/wiki/Sergio_Enrique_Bobadilla_Muñoz,https://www.bcn.cl/historiapolitica/resenas_parlamentarias/wiki/Sergio_Enrique_Bobadilla_Muñoz,https://www.bcn.cl/historiapolitica/resenas_parlamentarias/wiki/Sergio_Enrique_Bobadilla_Muñoz
20,Convergencia Democrática,PDC,"('Jose', 'Miguel', 'Ortiz', 'Novoa')",29496.0,8.75,*,*,https://www.bcn.cl/historiapolitica/resenas_parlamentarias/wiki/José_Miguel_Ortiz_Novoa,https://www.bcn.cl/historiapolitica/resenas_parlamentarias/wiki/José_Miguel_Ortiz_Novoa,https://www.bcn.cl/historiapolitica/resenas_parlamentarias/wiki/José_Miguel_Ortiz_Novoa
20,Frente Amplio,PEV,"('Felix', 'Gonzalez', 'Gatica')",18397.0,5.46,*,*,https://www.bcn.cl/historiapolitica/resenas_parlamentarias/wiki/Félix_Marcelo_González_Gatica,https://www.bcn.cl/historiapolitica/resenas_parlamentarias/wiki/Félix_Marcelo_González_Gatica,https://www.bcn.cl/historiapolitica/resenas_parlamentarias/wiki/Félix_Marcelo_González_Gatica
20,La Fuerza de la Mayoría,PS,"('Jaime', 'Toha', 'Gonzalez')",8145.0,2.42,*,*,https://www.bcn.cl/historiapolitica/resenas_parlamentarias/wiki/Jaime_Manuel_Tohá_González,https://www.bcn.cl/historiapolitica/resenas_parlamentarias/wiki/Jaime_Manuel_Tohá_González,https://www.bcn.cl/historiapolitica/resenas_parlamentarias/wiki/Jaime_Manuel_Tohá_González
20,La Fuerza de la Mayoría,PS,"('Gaston', 'Saavedra', 'Chandia')",30557.0,9.06,*,*,https://www.bcn.cl/historiapolitica/resenas_parlamentarias/wiki/Gastón_René_Saavedra_Chandía,https://www.bcn.cl/historiapolitica/resenas_parlamentarias/wiki/Gastón_René_Saavedra_Chandía,https://www.bcn.cl/historiapolitica/resenas_parlamentarias/wiki/Gastón_René_Saavedra_Chandía
21,Chile Vamos,RN,"('Cristobal', 'Urruticoechea', 'Rios')",22190.0,11.63,*,*,https://www.bcn.cl/historiapolitica/resenas_parlamentarias/wiki/Cristóbal_Ignacio_de_Loyola_Urruticoechea_Ríos,https://www.bcn.cl/historiapolitica/resenas_parlamentarias/wiki/Cristóbal_Ignacio_de_Loyola_Urruticoechea_Ríos,https://www.bcn.cl/historiapolitica/resenas_parlamentarias/wiki/Cristóbal_Ignacio_de_Loyola_Urruticoechea_Ríos
21,Chile Vamos,UDI,"('Ivan', 'Norambuena', 'Farias')",33261.0,17.44,*,*,https://www.bcn.cl/historiapolitica/resenas_parlamentarias/wiki/Iván_Ernesto_Norambuena_Farías,https://www.bcn.cl/historiapolitica/resenas_parlamentarias/wiki/Iván_Ernesto_Norambuena_Farías,https://www.bcn.cl/historiapolitica/resenas_parlamentarias/wiki/Iván_Ernesto_Norambuena_Farías
21,Convergencia Democrática,PDC,"('Joanna', 'Perez', 'Olea')",12035.0,6.31,*,*,https://www.bcn.cl/historiapolitica/resenas_parlamentarias/wiki/Joanna_Elena_Pérez_Olea,https://www.bcn.cl/historiapolitica/resenas_parlamentarias/wiki/Joanna_Elena_Pérez_Olea,https://www.bcn.cl/historiapolitica/resenas_parlamentarias/wiki/Joanna_Elena_Pérez_Olea
21,La Fuerza de la Mayoría,PS,"('Manuel', 'Monsalve', 'Benavides')",19632.0,10.29,*,*,https://www.bcn.cl/historiapolitica/resenas_parlamentarias/wiki/Manuel_Zacarías_Monsalve_Benavides,https://www.bcn.cl/historiapolitica/resenas_parlamentarias/wiki/Manuel_Zacarías_Monsalve_Benavides,https://www.bcn.cl/historiapolitica/resenas_parlamentarias/wiki/Manuel_Zacarías_Monsalve_Benavides
21,La Fuerza de la Mayoría,PRSD,"('Jose', 'Perez', 'Arriagada')",27066.0,14.19,*,*,https://www.bcn.cl/historiapolitica/resenas_parlamentarias/wiki/José_Pérez_Arriagada,https://www.bcn.cl/historiapolitica/resenas_parlamentarias/wiki/José_Pérez_Arriagada,https://www.bcn.cl/historiapolitica/resenas_parlamentarias/wiki/José_Pérez_Arriagada
22,Chile Vamos,RN,"('Diego', 'Paulsen', 'Kehr')",24405.0,22.54,*,*,https://www.bcn.cl/historiapolitica/resenas_parlamentarias/wiki/Diego_Alfredo_Paulsen_Kehr,https://www.bcn.cl/historiapolitica/resenas_parlamentarias/wiki/Diego_Alfredo_Paulsen_Kehr,https://www.bcn.cl/historiapolitica/resenas_parlamentarias/wiki/Diego_Alfredo_Paulsen_Kehr
22,Chile Vamos,RN,"('Jorge', 'Rathgeb', 'Schifferli')",21594.0,19.94,*,*,https://www.bcn.cl/historiapolitica/resenas_parlamentarias/wiki/Jorge_Evaldo_Rathgeb_Schifferli,https://www.bcn.cl/historiapolitica/resenas_parlamentarias/wiki/Jorge_Evaldo_Rathgeb_Schifferli,https://www.bcn.cl/historiapolitica/resenas_parlamentarias/wiki/Jorge_Evaldo_Rathgeb_Schifferli
22,Convergencia Democrática,PDC,"('Mario', 'Artidoro', 'Venegas', 'Cardenas')",14991.0,13.85,*,*,https://www.bcn.cl/historiapolitica/resenas_parlamentarias/wiki/Mario_Venegas_Cárdenas,https://www.bcn.cl/historiapolitica/resenas_parlamentarias/wiki/Mario_Venegas_Cárdenas,https://www.bcn.cl/historiapolitica/resenas_parlamentarias/wiki/Mario_Venegas_Cárdenas
22,La Fuerza de la Mayoría,PPD,"('Andrea', 'Parra', 'Sauterel')",10312.0,9.52,*,*,https://www.bcn.cl/historiapolitica/resenas_parlamentarias/wiki/Irle_Andrea_Parra_Sauterel,https://www.bcn.cl/historiapolitica/resenas_parlamentarias/wiki/Irle_Andrea_Parra_Sauterel,https://www.bcn.cl/historiapolitica/resenas_parlamentarias/wiki/Irle_Andrea_Parra_Sauterel
23,Candidatura Independiente,IND,"('Rene', 'Saffirio', 'Espinoza')",38578.0,17.17,*,*,https://www.bcn.cl/historiapolitica/resenas_parlamentarias/wiki/René_Fernando_Saffirio_Espinoza,https://www.bcn.cl/historiapolitica/resenas_parlamentarias/wiki/René_Fernando_Saffirio_Espinoza,https://www.bcn.cl/historiapolitica/resenas_parlamentarias/wiki/René_Fernando_Saffirio_Espinoza
23,Chile Vamos,EVOPOLI,"('Andres', 'Molina', 'Magofke')",23927.0,10.65,*,*,https://www.bcn.cl/historiapolitica/resenas_parlamentarias/wiki/José_Sergio_Andrés_Molina_Magofke,https://www.bcn.cl/historiapolitica/resenas_parlamentarias/wiki/José_Sergio_Andrés_Molina_Magofke,https://www.bcn.cl/historiapolitica/resenas_parlamentarias/wiki/José_Sergio_Andrés_Molina_Magofke
23,Chile Vamos,EVOPOLI,"('Sebastian', 'Alvarez', 'Ramirez')",5319.0,2.37,*,*,https://www.bcn.cl/historiapolitica/resenas_parlamentarias/wiki/Sebastián_Diego_Álvarez_Ramírez,https://www.bcn.cl/historiapolitica/resenas_parlamentarias/wiki/Sebastián_Diego_Álvarez_Ramírez,https://www.bcn.cl/historiapolitica/resenas_parlamentarias/wiki/Sebastián_Diego_Álvarez_Ramírez
23,Chile Vamos,RN,"('Rene', 'Manuel', 'Garcia', 'Garcia')",23118.0,10.29,*,*,https://www.bcn.cl/historiapolitica/resenas_parlamentarias/wiki/René_Manuel_García_García,https://www.bcn.cl/historiapolitica/resenas_parlamentarias/wiki/René_Manuel_García_García,https://www.bcn.cl/historiapolitica/resenas_parlamentarias/wiki/René_Manuel_García_García
23,Chile Vamos,RN,"('Miguel', 'Mellado', 'Suazo')",13708.0,6.1,*,*,https://www.bcn.cl/historiapolitica/resenas_parlamentarias/wiki/Miguel_Alejandro_Mellado_Suazo,https://www.bcn.cl/historiapolitica/resenas_parlamentarias/wiki/Miguel_Alejandro_Mellado_Suazo,https://www.bcn.cl/historiapolitica/resenas_parlamentarias/wiki/Miguel_Alejandro_Mellado_Suazo
23,La Fuerza de la Mayoría,PRSD,"('Fernando', 'Meza', 'Moncada')",13696.0,6.1,*,*,https://www.bcn.cl/historiapolitica/resenas_parlamentarias/wiki/Fernando_Meza_Moncada,https://www.bcn.cl/historiapolitica/resenas_parlamentarias/wiki/Fernando_Meza_Moncada,https://www.bcn.cl/historiapolitica/resenas_parlamentarias/wiki/Fernando_Meza_Moncada
23,La Fuerza de la Mayoría,PPD,"('Ricardo', 'Celis', 'Araya')",16335.0,7.27,*,*,https://www.bcn.cl/historiapolitica/resenas_parlamentarias/wiki/Ricardo_Patricio_Celis_Araya,https://www.bcn.cl/historiapolitica/resenas_parlamentarias/wiki/Ricardo_Patricio_Celis_Araya,https://www.bcn.cl/historiapolitica/resenas_parlamentarias/wiki/Ricardo_Patricio_Celis_Araya
24,Chile Vamos,RN,"('Bernardo', 'Berger', 'Fett')",24070.0,17.27,*,*,https://www.bcn.cl/historiapolitica/resenas_parlamentarias/wiki/Bernardo_José_Berger_Fett,https://www.bcn.cl/historiapolitica/resenas_parlamentarias/wiki/Bernardo_José_Berger_Fett,https://www.bcn.cl/historiapolitica/resenas_parlamentarias/wiki/Bernardo_José_Berger_Fett
24,Chile Vamos,UDI,"('Gaston', 'von Mühlenbrock', 'Zamora')",12542.0,9.0,*,*,https://www.bcn.cl/historiapolitica/resenas_parlamentarias/wiki/Gastón_Von_Mühlenbrock_Zamora,https://www.bcn.cl/historiapolitica/resenas_parlamentarias/wiki/Gastón_Von_Mühlenbrock_Zamora,https://www.bcn.cl/historiapolitica/resenas_parlamentarias/wiki/Gastón_Von_Mühlenbrock_Zamora
24,Convergencia Democrática,PDC,"('Ivan', 'Alberto', 'Flores', 'Garcia')",13242.0,9.5,*,*,https://www.bcn.cl/historiapolitica/resenas_parlamentarias/wiki/Iván_Alberto_Flores_García,https://www.bcn.cl/historiapolitica/resenas_parlamentarias/wiki/Iván_Alberto_Flores_García,https://www.bcn.cl/historiapolitica/resenas_parlamentarias/wiki/Iván_Alberto_Flores_García
24,La Fuerza de la Mayoría,PS,"('Patricio', 'Rosas', 'Barrientos')",13371.0,9.59,*,*,https://www.bcn.cl/historiapolitica/resenas_parlamentarias/wiki/Patricio_Eduardo_Rosas_Barrientos,https://www.bcn.cl/historiapolitica/resenas_parlamentarias/wiki/Patricio_Eduardo_Rosas_Barrientos,https://www.bcn.cl/historiapolitica/resenas_parlamentarias/wiki/Patricio_Eduardo_Rosas_Barrientos
24,La Fuerza de la Mayoría,PS,"('Marcos', 'Ilabaca', 'Cerda')",15739.0,11.29,*,*,https://www.bcn.cl/historiapolitica/resenas_parlamentarias/wiki/Marcos_Artemio_Ilabaca_Cerda,https://www.bcn.cl/historiapolitica/resenas_parlamentarias/wiki/Marcos_Artemio_Ilabaca_Cerda,https://www.bcn.cl/historiapolitica/resenas_parlamentarias/wiki/Marcos_Artemio_Ilabaca_Cerda
25,Chile Vamos,UDI,"('Javier', 'Hernandez', 'Hernandez')",16367.0,12.58,*,*,https://www.bcn.cl/historiapolitica/resenas_parlamentarias/wiki/Javier_Ricardo_Hernández_Hernández,https://www.bcn.cl/historiapolitica/resenas_parlamentarias/wiki/Javier_Ricardo_Hernández_Hernández,https://www.bcn.cl/historiapolitica/resenas_parlamentarias/wiki/Javier_Ricardo_Hernández_Hernández
25,Chile Vamos,RN,"('Harry', 'Jurgensen', 'Rundshagen')",20531.0,15.79,*,*,https://www.bcn.cl/historiapolitica/resenas_parlamentarias/wiki/Harry_Kurt_Thomas_Jurgensen_Rundshagen,https://www.bcn.cl/historiapolitica/resenas_parlamentarias/wiki/Harry_Kurt_Thomas_Jurgensen_Rundshagen,https://www.bcn.cl/historiapolitica/resenas_parlamentarias/wiki/Harry_Kurt_Thomas_Jurgensen_Rundshagen
25,La Fuerza de la Mayoría,PS,"('Fidel', 'Espinoza', 'Sandoval')",27999.0,21.53,*,*,https://www.bcn.cl/historiapolitica/resenas_parlamentarias/wiki/Fidel_Edgardo_Espinoza_Sandoval,https://www.bcn.cl/historiapolitica/resenas_parlamentarias/wiki/Fidel_Edgardo_Espinoza_Sandoval,https://www.bcn.cl/historiapolitica/resenas_parlamentarias/wiki/Fidel_Edgardo_Espinoza_Sandoval
25,La Fuerza de la Mayoría,PS,"('Emilia', 'Iris', 'Nuyado', 'Ancapichun')",8149.0,6.27,*,*,https://www.bcn.cl/historiapolitica/resenas_parlamentarias/wiki/Emilia_Iris_Nuyado_Ancapichún,https://www.bcn.cl/historiapolitica/resenas_parlamentarias/wiki/Emilia_Iris_Nuyado_Ancapichún,https://www.bcn.cl/historiapolitica/resenas_parlamentarias/wiki/Emilia_Iris_Nuyado_Ancapichún
26,Chile Vamos,RN,"('Alejandro', 'Santana', 'Tirachini')",23558.0,17.1,*,*,https://www.bcn.cl/historiapolitica/resenas_parlamentarias/wiki/Alejandro_Santana_Tirachini,https://www.bcn.cl/historiapolitica/resenas_parlamentarias/wiki/Alejandro_Santana_Tirachini,https://www.bcn.cl/historiapolitica/resenas_parlamentarias/wiki/Alejandro_Santana_Tirachini
26,Chile Vamos,RN,"('Carlos', 'Ignacio', 'Kuschel', 'Silva')",11250.0,8.17,*,*,https://www.bcn.cl/historiapolitica/resenas_parlamentarias/wiki/Carlos_Ignacio_Kuschel_Silva,https://www.bcn.cl/historiapolitica/resenas_parlamentarias/wiki/Carlos_Ignacio_Kuschel_Silva,https://www.bcn.cl/historiapolitica/resenas_parlamentarias/wiki/Carlos_Ignacio_Kuschel_Silva
26,Convergencia Democrática,PDC,"('Gabriel', 'Hector', 'Ascencio', 'Mansilla')",9326.0,6.77,*,*,https://www.bcn.cl/historiapolitica/resenas_parlamentarias/wiki/Gabriel_Ascencio_Mansilla,https://www.bcn.cl/historiapolitica/resenas_parlamentarias/wiki/Gabriel_Ascencio_Mansilla,https://www.bcn.cl/historiapolitica/resenas_parlamentarias/wiki/Gabriel_Ascencio_Mansilla
26,Frente Amplio,PL,"('Alejandro', 'Javier', 'Bernales', 'Maldonado')",6200.0,4.5,*,*,https://www.bcn.cl/historiapolitica/resenas_parlamentarias/wiki/Alejandro_Javier_Bernales_Maldonado,https://www.bcn.cl/historiapolitica/resenas_parlamentarias/wiki/Alejandro_Javier_Bernales_Maldonado,https://www.bcn.cl/historiapolitica/resenas_parlamentarias/wiki/Alejandro_Javier_Bernales_Maldonado
26,La Fuerza de la Mayoría,PS,"('Jenny', 'Alvarez', 'Vera')",10162.0,7.38,*,*,https://www.bcn.cl/historiapolitica/resenas_parlamentarias/wiki/Jenny_Paola_Álvarez_Vera,https://www.bcn.cl/historiapolitica/resenas_parlamentarias/wiki/Jenny_Paola_Álvarez_Vera,https://www.bcn.cl/historiapolitica/resenas_parlamentarias/wiki/Jenny_Paola_Álvarez_Vera
27,Chile Vamos,RN,"('Aracely', 'Leuquen', 'Uribe')",3925.0,11.2,*,*,https://www.bcn.cl/historiapolitica/resenas_parlamentarias/wiki/Aracely_Andrea_Leuquén_Uribe,https://www.bcn.cl/historiapolitica/resenas_parlamentarias/wiki/Aracely_Andrea_Leuquén_Uribe,https://www.bcn.cl/historiapolitica/resenas_parlamentarias/wiki/Aracely_Andrea_Leuquén_Uribe
27,Convergencia Democrática,PDC,"('Miguel', 'Angel', 'Calisto', 'Aguila')",8822.0,25.17,*,*,https://www.bcn.cl/historiapolitica/resenas_parlamentarias/wiki/Miguel_Ángel_Calisto_Águila,https://www.bcn.cl/historiapolitica/resenas_parlamentarias/wiki/Miguel_Ángel_Calisto_Águila,https://www.bcn.cl/historiapolitica/resenas_parlamentarias/wiki/Miguel_Ángel_Calisto_Águila
27,La Fuerza de la Mayoría,PPD,"('Rene', 'Osvaldo', 'Alinco', 'Bustos')",3121.0,8.91,*,*,https://www.bcn.cl/historiapolitica/resenas_parlamentarias/wiki/René_Alinco_Bustos,https://www.bcn.cl/historiapolitica/resenas_parlamentarias/wiki/René_Alinco_Bustos,https://www.bcn.cl/historiapolitica/resenas_parlamentarias/wiki/René_Alinco_Bustos
28,Chile Vamos,UDI,"('Sandra', 'Amar', 'Mancilla')",6871.0,12.11,*,*,https://www.bcn.cl/historiapolitica/resenas_parlamentarias/wiki/Sandra_Haydée_Amar_Mancilla,https://www.bcn.cl/historiapolitica/resenas_parlamentarias/wiki/Sandra_Haydée_Amar_Mancilla,https://www.bcn.cl/historiapolitica/resenas_parlamentarias/wiki/Sandra_Haydée_Amar_Mancilla
28,Frente Amplio,PH,"('Gabriel', 'Boric', 'Font')",18626.0,32.82,*,*,https://www.bcn.cl/historiapolitica/resenas_parlamentarias/wiki/Gabriel_Boric_Font,https://www.bcn.cl/historiapolitica/resenas_parlamentarias/wiki/Gabriel_Boric_Font,https://www.bcn.cl/historiapolitica/resenas_parlamentarias/wiki/Gabriel_Boric_Font
28,La Fuerza de la Mayoría,PRSD,"('Karim', 'Antonio', 'Bianchi', 'Retamales')",4190.0,7.38,*,*,https://www.bcn.cl/historiapolitica/resenas_parlamentarias/wiki/Karim_Antonio_Bianchi_Retamales,https://www.bcn.cl/historiapolitica/resenas_parlamentarias/wiki/Karim_Antonio_Bianchi_Retamales,https://www.bcn.cl/historiapolitica/resenas_parlamentarias/wiki/Karim_Antonio_Bianchi_Retamales
